{
    "stage": 3,
    "episodes": 50,
    "success_rate": 0.54,
    "collision_rate": 0.32,
    "timeout_rate": 0.14,
    "avg_steps_to_goal": 118.18518518518519,
    "avg_return": -19.307285546061273
}