{
    "stage": 2,
    "episodes": 200,
    "success_rate": 0.78,
    "collision_rate": 0.18,
    "timeout_rate": 0.04,
    "avg_steps_to_goal": 74.51282051282051,
    "avg_return": 25.931433523944435
}