{
    "stage": 3,
    "episodes": 200,
    "success_rate": 0.665,
    "collision_rate": 0.195,
    "timeout_rate": 0.14,
    "avg_steps_to_goal": 118.18518518518519,
    "avg_return": -19.307285546061273
}